[
  {
    "model": "tapalong_app.User",
    "pk": 1,
    "fields": {
      "name": "Ally Gale",
      "fb_id": 1218391373
    }
  },
  {
    "model": "tapalong_app.User",
    "pk": 2,
    "fields": {
      "name": "Owen Campbell-Moore",
      "fb_id": 680160262
    }
  },
  {
    "model": "tapalong_app.User",
    "pk": 3,
    "fields": {
      "name": "Tyler Rigsby",
      "fb_id": 632182945
    }
  },
  {
    "model": "tapalong_app.User",
    "pk": 4,
    "fields": {
      "name": "Stuart Kearney",
      "fb_id": 713961718
    }
  }
]
